{
  "mtimes": {
    "src\\HAI702I_Algebre\\tds\\td_main.tex": 1759755882.5763583,
    "src\\HAI709I_Cryptographie\\tds\\td_main.tex": 1759738026.5747454,
    "src\\HAI713I_Logique_Calculabilite\\cours\\cours_main.tex": 1757886618.4234881,
    "src\\HAI713I_Logique_Calculabilite\\tds\\td_main.tex": 1758722694.194228,
    "src\\HAI722I_Recherche_Operationnelle\\tds\\td_main.tex": 1758022406.9921076,
    "src\\HAI710I_Intelligence_Artificielle\\tds\\td_main.tex": 1758632519.631906
  },
  "files": {}
}